{
  "Skins": [
    {
      "ID": "Fae",
      "type": "core",
      "name": "The Fae\n妖精",
      "flavorText": "在世界的邊緣，帷幕的彼端，\n存在某些凡人們曾經夢寐以求的繽紛，那一切美到懾人心魄。\n妖精視這片世外淨土如同生命般重要。\n為了維持純潔無垢，保險起見，他們會用神奇的魔法把惱人的一切匿於身後。\n\n而妖精總是樂於分享。\n他們極其慷慨，卻只求一件回報──\n\n承諾。\n\n信守諾言，塵世難尋的真實之美就會降臨在你的生命。\n毀棄諾言，妖精嚴厲的復仇怒火將席捲而來灼燒你心。\n",
      "backStory": "你不曾試圖隱藏你的感受，給每人一條『心弦』。\n你抓住了某人的心，獲得他兩條『心弦』。 ",
      "stats": [
        {
          "hot": 2,
          "cold": -1,
          "vola": -1,
          "dark": 1
        },
        {
          "hot": 1,
          "cold": -1,
          "vola": 2,
          "dark": -1
        }
      ],
      "darkSelf": "你所說的每件事都有如一個承諾，你聽到的每句話也都彷彿是個承諾。\n\n若是承諾被毀棄，正義則必須被執行，無論是花招詭計，或是以眼還眼。\n你不受人類教條中所謂的慈悲寬容所約束。\n\n為了逃離你的黑暗面，你必須用某些手段重新校準你正義的天秤。 ",
      "advance": [
        "為你的其中一項屬性+1",
        "獲得另一個妖精的動作",
        "獲得另一個妖精的動作",
        "獲得一個來自任何模板的動作",
        "獲得一個來自任何模板的動作",
        "你屬於【妖精審議會】"
      ],
      "sexMove": "當你赤裸裸地躺在別人的面前，你可以要求他對你做出一個承諾。\n若是他拒絕，獲得他兩條『心弦』。",
      "moveInfo": "※初始時，你獲得【妖精契約】，並再選擇一個『動作』。",
      "move": {
        "moveList": [
          {
            "title": "Faery Contract\n妖精契約",
            "content": "若是有人打破了承諾或與你定下的契約，獲得他們的一條『心弦』。\n當你消耗『心弦』以報一箭之仇、並為遭背棄的承諾實現正義時，添加以下選項至你的【撥動心弦】：\n✦ 他們在關鍵時刻輕易地搞砸了某件事，視情況決定是否使之承受一點傷害。\n✦ 在你為復仇而行動的擲骰結果+2。"
          },
          {
            "title": "Unashamed\n不懂羞恥",
            "content": "你能夠藉由給別人一條你的『心弦』，來增加3點在你嘗試【引起悸動】的行動中。"
          },
          {
            "title": "The Wild Hunt\n狂獵",
            "content": "當你依循你最野性的驅力去追求，比方如貓般柔軟輕盈的姿態、或似狼一樣貪婪地渴求，在你骰【引起悸動】時獲得+1。"
          },
          {
            "title": "Lure\n誘餌",
            "content": "無論何時，當人們與你建立承諾，他們標記一點『經驗』。\n無論何時，當他們毀棄與你的承諾，你標記一點『經驗』。"
          },
          {
            "title": "Guide\n嚮導",
            "content": "當你在某人欣然接受的狀況下花費『心弦』時，你可以帶領他們穿越帷幕，來到妖精的領域。\n這個咒語可持續一或兩個場景之間，直到你倆一同回到平凡單調的現世之前。"
          },
          {
            "title": "Beyond The Veil\n帷幕彼端",
            "content": "當你向妖精王請求謁見時，進行【凝視深淵】。\n在10以上時，除了其它結果之外，妖精王還向你揭露某人一條隱藏的『心弦』，並讓你獲得它。\n在7~9時，除了其它結果之外，妖精王還要求你幫點忙。"
          }
        ]
      }
    },
    {
      "ID": "Ghost",
      "type": "core",
      "name": "The Ghost\n幽靈",
      "flavorText": "過去你曾擁有未來。\n成長有時是令人痛苦的混亂與騷動，但無論如何，你仍然長大了。\n\n現在，你擁有的只剩過去──\n──那些在你能夠拋下這個世界離開之前，堆疊在身後等待被面對並處理的未竟之事；\n──那些在你能夠不帶遺憾地成長（死去）之前，埋藏在過去等待被珍惜與關照的自己。\n\n生命是珍貴的贈禮，你明白，但如今你已失去了你的人生。\n你只是希望能幫上誰，你只是想要被看見。\n然而，有時就連最簡單的渴望，也令你感到難以掌握。\n\n幽靈呀幽靈，你已經死了。\n",
      "backStory": "有人知道你已經死了，也知道你是如何死去的，他獲得你兩條『心弦』。\n你在某人熟睡時進入了他的臥室，獲得他一條『心弦』。",
      "stats": [
        {
          "hot": -1,
          "cold": 2,
          "vola": -1,
          "dark": 1
        },
        {
          "hot": -1,
          "cold": -1,
          "vola": 1,
          "dark": 2
        }
      ],
      "darkSelf": "你變成了隱形的，無法為人所察覺。\n\n沒有人能看見你，感受你，或聽聞你的聲音。\n你仍可影響沒有生命的物體，但這也是你所剩唯一的溝通管道。\n\n當有人認可了你的存在，並向你證明他有多麼希望你在他身邊。\n你逃離你的黑暗面。",
      "advance": [
        "為你的其中一項屬性+1",
        "獲得另一個幽靈的動作",
        "獲得另一個幽靈的動作",
        "獲得一個來自任何模板的動作",
        "獲得一個來自任何模板的動作",
        "你屬於【鬼屋】"
      ],
      "sexMove": "當你與別人發生性關係，你們彼此都獲得向對方提出一個問題的機會。\n這可以是角色對角色提問，或亦可是玩家對玩家提問。\n他們必須誠實而直接地回答。",
      "moveInfo": "※初始時，你獲得【未癒之傷】，並再選擇二個『動作』。",
      "move": {
        "moveList": [
          {
            "title": "Unresolved Trauma\n未癒之傷",
            "content": "每當有什麼讓你憶起你的死亡，你將暫時地哽住並獲得一個【受到創傷】的『處境』（若身上還沒有的話）。\n每當有人助你解決這『處境』與伴隨而來的問題，你們都標記一點『經驗』。"
          },
          {
            "title": "Helpful Spirit\n樂於助人的靈魂",
            "content": "當你助人擺脫一個『處境』及它所產生的問題，你獲得他一條『心弦』。"
          },
          {
            "title": "Transference\n移情作用",
            "content": "當你花時間由衷地去傾聽某人的掙扎與努力，他們治癒一點『傷害』，並將他剩餘的傷害轉移給你。"
          },
          {
            "title": "Projected Blame\n責任轉嫁",
            "content": "當你處於【受到創傷】的『處境』時，你可以表現得彷彿他人有一個【應當對我的死亡（創傷）負責】的『處境』。"
          },
          {
            "title": "Creep\n鬼祟",
            "content": "當你默不作聲地在某人最私密的時刻（可能是睡覺或化妝的時候）見證對方，獲得他的一條『心弦』。"
          },
          {
            "title": "Limitless\n無界限",
            "content": "你能夠穿牆而過和飛越而行。"
          }
        ]
      }
    },
    {
      "ID": "Ghoul",
      "type": "core",
      "name": "The Ghoul\n食屍鬼",
      "flavorText": "死亡改變了你。\n它奪走你思考的樂趣，麻木你的感官，只留給你異乎尋常的飢餓。\n \n那股飢餓始終伴隨著你，有如你耳中鼓譟的低嗚聲逐漸膨脹與響亮，直到你再聽不見任何其它聲音。\n放任自流，它將會主宰你──但餵養它，可能同樣糟糕。  \n\n你無疑地成就了某種美。\n你憔悴的身軀，那不自然的形態，吸引了人們的目光。\n你毫無生氣的漠然是種醉人的誘騙。\n但在那對一切疏離的表象之下，是飢餓。\n\n好餓。\n",
      "backStory": "當你認為死亡已經永遠將愛從你身邊偷走時，有人讓你想起愛的模樣，給他一條你的『心弦』。\n有任何人看著你死去嗎？如果有，你們彼此獲得對方的兩條『心弦』。",
      "stats": [
        {
          "hot": -1,
          "cold": 1,
          "vola": 2,
          "dark": -1
        },
        {
          "hot": -1,
          "cold": 2,
          "vola": -1,
          "dark": 1
        }
      ],
      "darkSelf": "你模糊隱約的飢餓變得鮮明尖銳。\n你無法專注在吃飽以外的任何事上。\n\n除了你獨有的渴望之外，你還認出了其他東西──那連結起所有飢餓的原始飢餓。\n肉，血，食物。\n\n當你放縱自己的慾望到極致，或被隔離開來經過足夠的時間以恢復平靜，你逃離你的黑暗面。",
      "advance": [
        "為你的其中一項屬性+1",
        "獲得另一個食屍鬼的動作",
        "獲得另一個食屍鬼的動作",
        "獲得一個來自任何模板的動作",
        "獲得一個來自任何模板的動作",
        "你屬於【魯莽的集群】"
      ],
      "sexMove": "當你與別人發生性關係，創造一個新的『飢餓』。",
      "moveInfo": "※初始時，你獲得【飢餓】，並再選擇二個『動作』。",
      "move": {
        "moveList": [
          {
            "title": "The Hunger\n飢餓",
            "content": "你擁有一個飢餓般的渴望（擇一）：恐懼，權力，掠奪，刺激。\n當你輕率冒失地追求著你的渴望，在你的擲骰結果 +1。\n當你忽視一個有希望能填飽你的機會時，骰【保持冷靜】。"
          },
          {
            "title": "What the Right Hand Wants\n右手想要的",
            "content": "你的身體蘊含著許多歷史，並渴求著很多東西。\n創造另一個飢餓。"
          },
          {
            "title": "Satiety\n飽足感",
            "content": "當你滿足了你的渴望，從以下擇一：\n✦ 治癒一點『傷害』。\n✦ 標記一點『經驗』。\n✦ 獲得一點『推進』。"
          },
          {
            "title": "Short Rest for the Wicked\n惡徒的稍事歇息",
            "content": "當你死亡時，靜待一切結束。幾個小時之後，你將甦醒並徹底痊癒。"
          },
          {
            "title": "Watchful Golem\n守望的傀儡",
            "content": "當你在某人全然不知情的狀況下守護著他，標記一點『經驗』。"
          },
          {
            "title": "Ending\n結局",
            "content": "你想起了關於你死亡的所有細節，當你將這一切告訴某人，給他一個【病態著迷】的『處境』，並對他使用COLD骰【引起悸動】。"
          },
          {
            "title": "Esprit de Corpse\n團隊驚神",
            "content": "當你【凝視深淵】，深淵將與你分享它的飢餓。將這份渴望視為你的，直到滿足它為止。\n當你滿足時，標記一點『經驗』。"
          }
        ]
      }
    },
    {
      "ID": "Hollow",
      "type": "core",
      "name": "The Hollow\n空殼",
      "flavorText": "他們開始了一段從無到有的旅程。\n\n目前尚不確定他們是否能夠成功。\n瞧，事實總是證明，有與無之間存在著許多灰色地帶。\n\n你活著，但你並不真正存在。\n\n你沒有靈魂。\n你沒有童年的記憶，因為你沒有童年。\n你沒有雙親；你有製造者。\n\n而那些製造你的人，忘了給你在世界中的一席棲身之地。\n",
      "backStory": "你有一個一直以來做為參考的社交榜樣，而透過這麼做也讓你學到很多關於他的事。獲得他兩條『心弦』。\n某人看穿了你編造的過去，並意識到這全是謊言。他獲得你兩條『心弦』。",
      "stats": [
        {
          "hot": 1,
          "cold": -1,
          "vola": -1,
          "dark": 2
        },
        {
          "hot": -1,
          "cold": -1,
          "vola": 2,
          "dark": 1
        }
      ],
      "darkSelf": "你的身體是座牢籠。\n你不應屬於其中。\n你必須把它置於險地，讓它受苦，就像它讓你受苦一樣。\n\n一定有方法可以讓你擺脫它。\n你得去見你的製造者，並要他們為他們對你所做的事負責。\n\n為了逃離你的黑暗面，你必須見證別人比你更加受困並深陷其中。",
      "advance": [
        "為你的其中一項屬性+1",
        "獲得另一個空殼的動作",
        "獲得另一個空殼的動作",
        "獲得一個來自任何模板的動作",
        "獲得一個來自任何模板的動作",
        "你屬於【空殼手足】"
      ],
      "sexMove": "當你與某人發生性關係，雙方玩家都秘密地寫下這場性愛對於他們的角色來說，是令人困惑的還是撫慰的。\n如果你們揭示了相同的答案，彼此的角色都標記一點『經驗』。",
      "moveInfo": "※初始時，任意選擇二個『動作』。",
      "move": {
        "moveList": [
          {
            "title": "Better Than Nothing\n聊勝於無",
            "content": "當你獲得一個『處境』，標記一點『經驗』。"
          },
          {
            "title": "A Blank Canvas\n空白畫布",
            "content": "當你採取了能體現你某樣『處境』的某個行動，允許這項處境改變你的自我認知，劃掉它並在你的擲骰中+1。"
          },
          {
            "title": "Try Harder Next Time\n再接再勵",
            "content": "當你搞砸了某件事，給你自己一個合適的『處境』，並獲得一點『推進』。"
          },
          {
            "title": "Fake\n贗品",
            "content": "在你說謊時所做的任何擲骰中+1。"
          },
          {
            "title": "Metamorphosis\n蛻變",
            "content": "當你【凝視深淵】在7或更高時，深淵會一併顯示出你必須變成的模樣，而你可以永久性地交換你的兩種屬性。"
          },
          {
            "title": "Strange Impressions\n奇怪的模仿",
            "content": "當一個主要角色無論是傷害了你或是治癒了你，你可以透過睜大眼睛學習他們來做出回應。\n若你這麼做了，暫時性地獲得他們模板『動作』中的任何一項，加入你的角色卡中。\n一旦你使用過它，它將會消失。"
          }
        ]
      }
    },
    {
      "ID": "Infernal",
      "type": "core",
      "name": "The Infernal\n墮獄者",
      "flavorText": "起初，它看起來清白無害。\n\n它給了你某些讓你感覺自己變得更好的事物。\n你懷著你的困難去找它，而它讓那些問題迎刃而解。\n \n當你問及要如何才能報答恩惠，它告訴你：\n耐心點──所有的債務都會在適當的償還日結清。\n那是你首次聽見它提起「債」。\n \n有一位場邊教練站在你的人生擂台旁，\n或許是佇立一隅的撒旦，或許是棲宿腦中的惡魔，更或許是只為你閃耀的晨曦之星。\n\n無論如何，你欠了債，欠下比你有史以來所知任何、更巨大更可怕的債。\n",
      "backStory": "你欠債，將三條『心弦』按照你喜歡的方式分配給黑暗力量和其他角色。\n有人認為他可以拯救你，獲得他一條『心弦』。",
      "stats": [
        {
          "hot": -1,
          "cold": -1,
          "vola": 2,
          "dark": 1
        },
        {
          "hot": 1,
          "cold": -1,
          "vola": -1,
          "dark": 2
        }
      ],
      "darkSelf": "你感到自己戰慄著，匱乏又孤獨。\n\n黑暗力量提出一些情理之中卻意料之外的要求，令人聞之生畏。\n每當滿足一個要求，就讓你感到更趨於完整，並移除你被黑暗力量掌握的一條『心弦』。\n\n當黑暗力量失去你所有的『心弦』，或當你與某個更危險的存在達成協議。\n你逃離你的黑暗面。",
      "advance": [
        "為你的其中一項屬性+1",
        "獲得另一個墮獄者的動作",
        "獲得剩餘的合同",
        "獲得一個來自任何模板的動作",
        "獲得一個來自任何模板的動作",
        "你屬於【纏人的惡魔】"
      ],
      "sexMove": "當你發生性關係，黑暗力量失去一條你的『心弦』，而獲得和你發生關係的對象一條『心弦』。",
      "moveInfo": "※初始時，你獲得【魂債】，並再選擇一個『動作』。",
      "move": {
        "moveList": [
          {
            "title": "Soul Debt\n魂債",
            "content": "你欠下一筆債，一股黑暗力量是你的債權人。定義它的身分，並選擇兩條它與你訂下的【合同】。\n黑暗力量能夠獲得『心弦』，倘若它擁有你五條『心弦』，即觸發你的黑暗面。"
          },
          {
            "title": "Dark Recruiter\n黑暗招募者",
            "content": "當你將一個無辜的靈魂帶給黑暗力量，你標記一點『經驗』。"
          },
          {
            "title": "Under Pressure\n壓力之下",
            "content": "如果某人擁有你三條或更多的『心弦』，你在執行他們指令時的擲骰上 +1。"
          },
          {
            "title": "Can’t Save Myself\n無法自救",
            "content": "當某人將你自對你來說強大到無法估計的力量中拯救出來時，他們標記一點『經驗』，而你獲得他們一條『心弦』。"
          }
        ]
      },
      "moveAdd": {
        "moveAddTitle": "合同",
        "moveAddList": [
          {
            "title": "The Power Flows\n力量湧現",
            "content": "你可以透過給予黑暗力量一條『心弦』，以在你的下一次擲骰中+2。"
          },
          {
            "title": "Numbing It Out\n麻木不仁",
            "content": "你可以透過給予黑暗力量一條『心弦』，來擺脫你的一個『處境』或治癒兩點『傷害』。"
          },
          {
            "title": "Elsewise\n異源權能",
            "content": "你可以透過給予黑暗力量一條『心弦』，去使用一次你當前沒有的『動作』，這個『動作』可以來自任何模板。"
          },
          {
            "title": "Uncanny Voices\n詭秘低語",
            "content": "你可以透過給予黑暗力量一條『心弦』，來看清關於你當下交談對象的一個秘密。\n該角色的擁有者將透露他「心底的恐懼」、「隱密的欲望」或「不為人知的力量」其一（由他們選擇哪個）。"
          },
          {
            "title": "Strings Attached\n附加條款",
            "content": "你可以向黑暗力量請求某件你真的非常非常渴望的事物。\nMC將給你想要的東西標上代價，並暗示其本質上帶有非你所願的扭曲。\n如果你付出代價，你就能得到你想要的。"
          }
        ]
      }
    },
    {
      "ID": "Mortal",
      "type": "core",
      "name": "The Mortal\n凡人",
      "flavorText": "他們沒人能理解。\n\n你眼中這黑暗的祕境是多麼美麗。\n \n他們警告你這份美的名字叫危險，如同熊熊烈火。\n好吧，有些事物是值得為之焚身碎骨的。\n\n愛讓一切希望黯然失色，而黑暗留你在炫目迷人的美麗（烈火）裡。\n",
      "backStory": "最後一個決定你的背景故事。\n選擇一個人作為你的『真愛』，給對方三條你的『心弦』，獲得一條對方的『心弦』。",
      "stats": [
        {
          "hot": 2,
          "cold": -1,
          "vola": -1,
          "dark": 1
        },
        {
          "hot": 2,
          "cold": -1,
          "vola": 1,
          "dark": -1
        }
      ],
      "darkSelf": "沒人理解你。甚至沒人嘗試理解你。\n你為你的愛人付出一切，他卻將你當成一塊墊腳石踩過去。\n\n你受夠了！\n背叛他們，讓他們知道感受不被人在乎是個什麼感覺！\n\n揭發他們與你怪物的那一面。\n唯有看到你的愛人因你受苦，才能讓你逃離你的黑暗面。",
      "advance": [
        "為你的其中一項屬性+1",
        "獲得另一個凡人的動作",
        "獲得另一個凡人的動作",
        "獲得一個來自任何模板的動作",
        "獲得一個來自任何模板的動作",
        "獲得一個來自任何模板的動作"
      ],
      "sexMove": "當你和某人發生性關係，將會喚醒對方內在潛伏的邪惡。\n此後你第一次移開你對他的關注時，他將陷入他的『黑暗面』。",
      "moveInfo": "※初始時，你獲得【真愛】，並再選擇二個『動作』。",
      "move": {
        "moveList": [
          {
            "title": "True Love\n真愛",
            "content": "你永遠有個唯一的真愛。\n第一位是你背景故事選擇的對象。若你移情別戀了，給你的新對象一條『心弦』，他將成為你新的真愛。\n在你想要贏得真愛的歡心或迎合他的喜好時，你對真愛的擲骰永遠有一點『推進』。"
          },
          {
            "title": "Mess With Me, Mess With Him\n惹我就是惹他",
            "content": "在你用真愛的名字進行威脅時，【使人難堪】與【保持冷靜】的擲骰+2。\n你的真愛獲得一條你的『心弦』。"
          },
          {
            "title": "Entrenched\n情感僵化",
            "content": "若你與另一個角色給彼此的『心弦』數量總和有到五條或更多，你對他所有的擲骰都可以+1。"
          },
          {
            "title": "Sympathy is My Weapon\n同情是我的武器",
            "content": "每當你原諒某人對你的傷害並寬恕他們的本性，獲得一條他的『心弦』。"
          },
          {
            "title": "Excuses Are My Armour\n原諒是我的鎧甲",
            "content": "當你忽視你的真愛身上或他對待你的方式上明顯的問題時，標記一點『經驗』。"
          },
          {
            "title": "Downward Spiral\n惡性循環",
            "content": "當你【凝視深淵】時，你會對自己造成一點『傷害』。若你仍要這麼做，你的擲骰+2。"
          },
          {
            "title": "Down the Rabbit Hole\n掉進兔子洞",
            "content": "當你去介入或關心你不適合涉足或牽扯其中的事情時，某個涉及這件事的人獲得一條你的『心弦』，而你標記一點『經驗』。"
          }
        ]
      }
    },
    {
      "ID": "Queen",
      "type": "core",
      "name": "The Queen\n女王蜂",
      "flavorText": "你是萬中選一的獨特存在。\n一種至高無上的美。\n\n你該比這悲慘世界中的其餘不幸者擁有更多。\n你值得被周圍的人景仰和崇拜。\n\n這不僅是因為你比他們更好。\n還是因為你讓他們更好。\n更強大，更美麗，更完整。\n\n沒了你，他們什麼都不是。\n",
      "backStory": "指定三個配角作為你的幫派成員。獲得他們每人一條『心弦』。\n你發覺某人對你來說是個威脅。給他一條『心弦』，並獲得他一條『心弦』。",
      "stats": [
        {
          "hot": 2,
          "cold": 1,
          "vola": -1,
          "dark": -1
        },
        {
          "hot": -1,
          "cold": 2,
          "vola": -1,
          "dark": 1
        }
      ],
      "darkSelf": "他們讓你失望了。\n再次。\n\n這所有的混亂都是他們的錯，為何你得去承受他們的愚行所帶來的後果？\n你需要殺一儆百以樹立威信──演示一個殘暴無情但堅定不移的警惕。\n\n當你讓渡部分權力給更值得支持的某人，或當你為展現你的強權而摧毀一個無辜的人時。\n你逃離你的黑暗面。",
      "advance": [
        "為你的其中一項屬性+1",
        "獲得另一個女王蜂的動作",
        "獲得另一個女王蜂的動作",
        "獲得一個來自任何模板的動作",
        "獲得一個來自任何模板的動作",
        "再次獲得【集團】並詳細描述這另一個新幫派"
      ],
      "sexMove": "當你與某人發生性關係，他獲得一個『處境』：【其中之一】。\n只要這個處境仍然存在，他算作你幫派中的一分子。",
      "moveInfo": "※初始時，你獲得【集團】，並再選擇一個『動作』。",
      "move": {
        "moveList": [
          {
            "title": "The Clique\n集團",
            "content": "你是這周圍最牢固、最酷、最強大的集團首領。他們算作一個『幫派』。\n為你的幫派從以下優勢中擇一：\n ✦ 他們是武裝份子（持槍和真正危險的貨色）。\n ✦ 他們彼此有牽連（基於金錢或合成毒品的關係）。\n ✦ 他們很有才華（同為樂團或運動隊伍的成員）。\n ✦ 他們是邪教徒（有著黑暗的誓約並甘願赴死）。"
          },
          {
            "title": "The Shield\n盾",
            "content": "當你的幫派圍繞在你身邊時，從對抗你的任何擲骰中-1。"
          },
          {
            "title": "Bought Loyalty\n收買忠誠",
            "content": "你可以給一位配角一條『心弦』去誘導他們執行你的吩咐。\nMC會告訴你什麼樣的賄賂、威脅或哄騙，才能讓那個角色甘於立刻去做你想做的事。"
          },
          {
            "title": "And Your Enemies Closer\n和敵人更親近",
            "content": "當某人背叛你，獲得他的一條『心弦』。"
          },
          {
            "title": "Many Bodies\n團體賦權",
            "content": "當你把你其中一位幫派成員許諾給某人時，在你的【引起悸動】中+2。\n當你其中一位幫派成員與某人發生性行為，觸發你的『性動作』。"
          },
          {
            "title": "Streaming\n串流",
            "content": "你和你的幫派成員有一種心靈感應的連繫。\n你總是能聽到他們的情緒波動與恐懼。\n若你嘗試去聆聽明確具體的想法，進行【凝視深淵】並在你的擲骰中+1。"
          }
        ]
      }
    },
    {
      "ID": "Vampire",
      "type": "core",
      "name": "The Vampire\n吸血鬼",
      "flavorText": "你是永恆的美。\n \n你是無人斗膽深入卻都妄圖一探究竟的黑暗。\n那黑暗縈繞在你的雙眼，在你細細斟酌的字句裡，也在你每每的舉手投足間。\n它再再訴說著：你不再有靈魂。\n \n有些吸血鬼陶醉於這一切，放縱地享樂並沉溺於榨取鮮血，交織出他們死後的人生。\n另一些吸血鬼憎恨埋藏在自身皮相下的邪惡，莊嚴地宣誓將活得禁慾而孤獨。\n \n無論如何，總會有一方受苦。\n而選擇權在你。\n",
      "backStory": "你美而出眾，獲得每個人一條『心弦』。\n有人曾經拯救過失去靈魂的你，他獲得你兩條『心弦』。",
      "stats": [
        {
          "hot": 2,
          "cold": 1,
          "vola": -1,
          "dark": -1
        },
        {
          "hot": 1,
          "cold": 2,
          "vola": -1,
          "dark": -1
        }
      ],
      "darkSelf": "每個人都是你的棋子，你的玩物。\n\n為了消遣，你傷害他們，使他們變得脆弱而易碎──就像貓玩弄老鼠那樣。\n儘管起初你會確實地、一步一步地慢慢來，但你終將把他們消耗至枯竭殆盡。\n\n當比你更強大的某人讓你能夠安然地適得其所，你逃離你的黑暗面。",
      "advance": [
        "為你的其中一項屬性+1",
        "獲得另一個吸血鬼的動作",
        "獲得另一個吸血鬼的動作",
        "獲得一個來自任何模板的動作",
        "獲得一個來自任何模板的動作",
        "你屬於【血族朋黨】"
      ],
      "sexMove": "當你在性方面拒絕別人時，獲得他們一條『心弦』。\n當你與某人發生性關係，你失去從他身上獲得的所有『心弦』。",
      "moveInfo": "※初始時，任意選擇二個『動作』。",
      "move": {
        "moveList": [
          {
            "title": "Invited\n受邀",
            "content": "你無法在未獲邀請前進入別人家中。\n每當有人邀請你進入時，獲得他一條『心弦』。"
          },
          {
            "title": "Hypnotic\n催眠",
            "content": "你能夠催眠沒有你心弦的人。擲HOT。\n在10以上時，他們完全照你的希望去做，並且沒有察覺任何不對勁。\n在7~9時，催眠起了作用，但從以下擇一：\n ✦ 他們確切地了解到你對他們做了什麼。\n ✦ 他們搞砸了你的命令。\n ✦ 他們的神智發生錯亂。"
          },
          {
            "title": "Cold as Ice\n冷若冰霜",
            "content": "當你【使人難堪】時擲出7或更高，你可以從列表中再多選一個額外選項。"
          },
          {
            "title": "The Feeding\n吸食",
            "content": "你直接自生命源頭以溫熱的鮮血為食。\n若這是對方首次被你取食，你倆都標記一點『經驗』。\n當你進食時，擇二：\n ✦ 你治癒一點『傷害』。\n ✦ 你獲得一點『推進』。\n ✦ 他絕不會因此而死。"
          },
          {
            "title": "Marked for the Hunt\n狩獵標記",
            "content": "以某人為食將會建立一種超自然的聯繫。\n從那一刻起，每當你【凝視深淵】以確認關於他們的行蹤動向或身心狀況，你擲骰時視為你的DARK有3。"
          },
          {
            "title": "Inescapable\n無處可逃",
            "content": "你能夠花費他人的一條『心弦』來要求他們留在你身邊，若是他們仍然離你而去，獲得他們兩條『心弦』。"
          }
        ]
      }
    },
    {
      "ID": "Werewolf",
      "type": "core",
      "name": "The Werewolf\n狼人",
      "flavorText": "你周圍的每個人看起來都如此甘願地扮演著他們被交付的角色。\n整整齊齊地在框起來的線條內著色，安安靜靜地遵守著既定的生活公約。\n他們已經被馴養，被馴化了。\n\n你屬於與眾不同的菁英，你瓦解了為限制你而建造的圍欄。\n你對月長嚎，並聽見它同樣地回應著你。\n\n現在，轉化已經完成。\n這就是你與生俱來終該如此的樣子──\n\n野性 ‧ 堅定 ‧ 充滿生氣。\n",
      "backStory": "你不細膩，大剌剌地缺乏敏銳度。給每人一條你的『心弦』。\n你花了好幾星期從遠處觀察著某人，對你來說現在已絕對不會搞錯他的氣味和習性。你獲得他兩條『心弦』。",
      "stats": [
        {
          "hot": 1,
          "cold": -1,
          "vola": 2,
          "dark": -1
        },
        {
          "hot": 2,
          "cold": -1,
          "vola": 1,
          "dark": -1
        }
      ],
      "darkSelf": "你變成了可怕的類狼生物。\n\n你熱切地渴望著權力與統治，而這些必須透過殺戮獲得。\n如果有人試圖阻撓你，他們必須被擊倒並付出鮮血。\n\n當你傷害了一個你真正關心的人，或朝陽升起時，你逃離你的黑暗面。\n以先發生者為準。",
      "advance": [
        "為你的其中一項屬性+1",
        "獲得另一個狼人的動作",
        "獲得另一個狼人的動作",
        "獲得一個來自任何模板的動作",
        "獲得一個來自任何模板的動作",
        "你屬於【狼群】"
      ],
      "sexMove": "當你與某人發生性關係，你將與他們建立深刻的精神聯繫。\n直到你們彼此任何一方（透過與其他人發生關係）打破了這個精神聯繫之前，在你為保護他們而進行的所有擲骰+1。\n你能夠察覺這個連結何時被切斷。",
      "moveInfo": "※初始時，任意選擇二個『動作』。",
      "move": {
        "moveList": [
          {
            "title": "Primal Dominance\n原始統治",
            "content": "當你造成某人的『傷害』時，獲得他們一條『心弦』。"
          },
          {
            "title": "Scent of Blood\n血的氣味",
            "content": "當你對抗任何目前場景中已受到傷害的人時，在你所有的擲骰中+1。"
          },
          {
            "title": "Howl at the Moon\n對月長嚎",
            "content": "當你沐浴在月光下，你行動時可以視為你的【DARK】有3。"
          },
          {
            "title": "Spirit Armour\n精神堅甲",
            "content": "當你沐浴在月光下，你所受到的任何『傷害』減少一點，\n並在你【保持冷靜】時的擲骰中+2。"
          },
          {
            "title": "Heightened Senses\n強化感官",
            "content": "當你依靠你的動物本能，去理解一個充滿張力、一觸即發的局面，擲【DARK】。\n在10以上時，從下面選擇三個問題詢問MC，並獲得一點『推進』。\n在7~9時，從下面選擇一個問題詢問MC，並獲得一點『推進』。\n ✦ 我最好的逃生路線或方向在哪？\n ✦ 哪個敵人對我來說最好對付？\n ✦ 他們隱藏的弱點是什麼？\n ✦ 什麼會對我造成最大的威脅？\n ✦ 這裡在誰的控制之下？"
          },
          {
            "title": "Unstable\n不穩定",
            "content": "當你進入你的黑暗面，你標記一點『經驗』。"
          }
        ]
      }
    },
    {
      "ID": "Witch",
      "type": "core",
      "name": "The Witch\n女巫",
      "flavorText": "歷史課上，每綹聯繫著什麼的髮絲，每次隱晦地偷偷一瞥，每張被轉手傳遞的秘密小紙條──\n都蘊含著一個邀請。\n一個輕佻地表示「來搞我啊」的邀請。\n\n確切來說，巫術並不是一門關於耍弄別人的學問。\n然而一旦你對魔法略知一二，你就很難不注意到這個世界是多麼絕妙地具可塑性。\n\n當然，一個像你這樣的好女巫懂得克制。\n一個好女巫對這些邀請視而不見，也不去設想復仇與操控可能有多麼甜蜜。\n一個好女巫對那類事情不屑一顧。\n\n至少，大多時候如是。\n",
      "backStory": "遊戲開始時你有兩個『交感標記物』，決定誰是擁有者以及它們是什麼。\n某人撞見你在他朋友的東西裡翻來翻去，但他什麼也沒說。他獲得你一條『心弦』。",
      "stats": [
        {
          "hot": -1,
          "cold": 2,
          "vola": -1,
          "dark": 1
        },
        {
          "hot": 1,
          "cold": -1,
          "vola": -1,
          "dark": 2
        }
      ],
      "darkSelf": "隱晦低調默默忍耐的時間結束了。\n你太強大了，再也無法忍受他們那些垃圾了。\n\n你詛咒任何輕視怠慢你的人。\n你所有的咒術都有意想不到的副作用，而且效力超過你能應付的程度。\n\n為了逃離你的黑暗面，你必須與你傷害最深的人和解。",
      "advance": [
        "為你的其中一項屬性+1",
        "獲得另一個女巫的動作",
        "獲得所有剩餘的咒術",
        "創造一個新的咒術",
        "獲得一個來自任何模板的動作",
        "獲得一個來自任何模板的動作",
        "你屬於【女巫集會】"
      ],
      "sexMove": "當你與某人發生性關係後，你可以從對方那邊拿走一個『交感標記物』。\n他們知道這件事，並欣然同意。",
      "moveInfo": "※初始時，你獲得【交感標記物】與【咒術施放】。",
      "move": {
        "moveList": [
          {
            "title": "Sympathetic Tokens\n交感標記物",
            "content": "你從『交感標記物』上獲得力量──那些從他人那裡獲取的、具有個人意義的物品。\n交感標記物可算作『心弦』。"
          },
          {
            "title": "Hex-Casting\n咒術施放",
            "content": "你能夠施展咒術，選擇兩種你通曉的咒術。\n要施放咒術，若不是在秘密儀式中使用一個『交感標記物』，就是面對面與目標四目相接並唸誦咒語。並擲DARK。\n在10以上時，咒術發生作用，並可以輕易地被撤回。\n在7~9時，它發生了作用，但從以下擇一：\n ✦ 這次施咒使你受到一點『傷害』。\n ✦ 咒術帶有不尋常的奇怪副作用。\n ✦ 觸發了你的『黑暗面』。"
          },
          {
            "title": "Transgressive Magic\n背德魔法",
            "content": "若你的儀式違反了禮俗社會的道德風氣或性方面的基本規範，在你【咒術施放】的擲骰中+1。"
          },
          {
            "title": "Sanctuary\n聖所",
            "content": "你有一個從事巫術工作的秘密場所，你在此處進行的所有擲骰都會+1。"
          }
        ]
      },
      "moveAdd": {
        "moveAddTitle": "咒術",
        "moveAddList": [
          {
            "title": "Wither\n枯萎",
            "content": "施咒對象會掉光所有的頭髮，或者牙齒開始脫落，或者月經突如其來地造訪並量大又嚴重，或者皮膚變得病態蠟黃且佈滿斑點。\n無論具體細節如何，這都很糟。"
          },
          {
            "title": "Binding\n束縛",
            "content": "施咒對象不能對他人造成身體傷害。"
          },
          {
            "title": "Ring of Lies\n謊言之環",
            "content": "每當施咒對象試圖說謊時，他們便會聽見尖厲刺耳的耳鳴聲。\n大一點的謊言通常會使他們雙膝無力，失去方向感甚至失去判斷力。\n嚴重的謊言能夠對他們造成傷害，甚至腦部的損壞。"
          },
          {
            "title": "Watching\n靈視",
            "content": "你進入深層睡眠，並開始透過施咒對象的眼睛看世界。\n你可以感受到他們對所見之物的反應和感想。"
          },
          {
            "title": "Illusions\n幻覺",
            "content": "選擇一項：蛇和蟲，惡魔般的臉孔，虛假的預言，不存在的潛台詞。\n施咒對象到處都能看見那些東西。\n你無法控制確切的形象或表現形式。"
          }
        ]
      }
    },
    {
      "ID": "Chosen",
      "type": "add",
      "name": "The Chosen\n天選者",
      "flavorText": "這個世界需要你。\n它需要一個能在黑暗中盲目前行的勇者，在那裏成為指引所有迷失靈魂的明燈。\n\n他們需要一個常勝不敗的鬥士。\n他們無法靠自己做到。\n\n只有一點，一點揮之不去的憂慮在最糟的時刻纏繞心頭——\n\n若是你還不夠優秀怎麼辦？\n",
      "backStory": "你有兩位協助你獵殺怪物或打擊犯罪的朋友。你信賴他們，各取得他們一條『心弦』。\n有人知道你就是那個天選之人，且他們想要你死。描述他們是怎樣的存在。MC會給他們明確的稱呼及兩條你的『心弦』。",
      "stats": [
        {
          "hot": -1,
          "cold": 2,
          "vola": 1,
          "dark": -1
        },
        {
          "hot": 1,
          "cold": -1,
          "vola": 2,
          "dark": -1
        }
      ],
      "darkSelf": "沒有任何朋友可以幫你。\n他們不像你那麼強大。\n\n你必須即刻展開行動，孤身一人，全力追擊你能想到的最大、最危險的威脅。\n你必須正面迎戰所有你遇到的挑戰與危險，即使那可能使你喪命。\n\n當有人來拯救你，或者你在醫院醒來時，你逃離你的黑暗面。\n以先發生者為準。",
      "advance": [
        "為你的其中一項屬性+1",
        "獲得另一個天選者的動作",
        "獲得另一個天選者的動作",
        "獲得一個來自任何模板的動作",
        "獲得一個來自任何模板的動作",
        "你有【邪惡聯盟】的內援"
      ],
      "sexMove": "當你發生性關係，治癒你所有的『傷害』並移除你所有『處境』。\n若對方令你感到厭惡，給對方一條『心弦』。\n若你對自己感到厭惡，給對方一條『心弦』。",
      "moveInfo": "※初始時，任意選擇二個『動作』。",
      "move": {
        "moveList": [
          {
            "title": "Growing Pains\n成長的痛苦",
            "content": "當你在守護你的朋友時遭受失敗，標記一點『經驗』。"
          },
          {
            "title": "Mercy\n仁慈 \n",
            "content": "當你決定寬恕一個你有理由殺死他的人，取得一條他的『心弦』。"
          },
          {
            "title": "Final Showdown\n最終決戰",
            "content": "消耗一個配角四條『心弦』來殺死他。\n他將徹底地、不可逆轉地死去。"
          },
          {
            "title": "To The Books \n研究攻略\n",
            "content": "當危機迫在眉睫而你的敵人看似不可能被戰勝時，你可以向你的朋友們求助，一同研究對策。\n這麼做視同【凝視深淵】。\n每個認真投入協助工作的朋友都可為你的擲骰 +1 ，即便他們只是機械化地重複單調又無必要性的工作。\n擲骰結果在 10 以上時，除了原有的結果外，深淵額外向你展示你敵人的秘密弱點，且你獲得一條敵人的『心弦』。"
          },
          {
            "title": "Take the Blow \n擋槍\n",
            "content": "當你跳出來替別人承受『傷害』時，骰VOLATILE。\n在 10 以上，你替他們承受『傷害』，但該『傷害』減一。\n在 7~9 時，你替他們承受『傷害』。"
          },
          {
            "title": "Light the Way \n照亮前路\n",
            "content": "任何時候，當你的朋友聽從你的建議或跟隨你的領導，+1 到他們的擲骰上。"
          }
        ]
      }
    },
    {
      "ID": "Serpentine",
      "type": "add",
      "name": "The Serpentine\n蛇形者",
      "flavorText": "遠古時代，你的家族君臨於這個世界之上。\n他們強大，致命，英明。\n至少，他們是這麼告訴你的。\n\n但你放眼所及僅有空洞的信仰和破碎的夢想。\n你只想活得像任何其他孩子一樣，然而他們為你制定了更大的計畫。\n\n他們說終有一天蛇會再度統治。\n他們將再次與強力的盟友交流機要的奧秘，與強勁的敵人互換痛恨的毒液。\n但首先，他們需要你的幫助。\n\n畢竟，家人不就該這樣嗎？\n",
      "backStory": "你一直在觀察某人，試圖向他學習做為一個人類意味著什麼。你獲得他兩條『心弦』。\n有人了解你背負了家族期望的龐大壓力。他獲得你一條『心弦』。",
      "stats": [
        {
          "hot": 2,
          "cold": 1,
          "vola": -1,
          "dark": -1
        },
        {
          "hot": -1,
          "cold": 2,
          "vola": 1,
          "dark": -1
        }
      ],
      "darkSelf": "人與蛇的世界迥然各異，你永遠無法調和彼此的要求。\n僅剩的出路只有盡可能果決並不留餘地地抉擇其一。\n\n謹慎安靜地觀察機會，然後出擊，絆縛或吞噬任何試圖陷你於矛盾中糾纏的人。\n這是將世界重新變得單純並最終找到自我定位的唯一途徑。\n\n當你頹然接受自己立身於世的複雜定位，或當你經歷過成長的磨難而蛻皮時。\n你逃離你的黑暗面。",
      "advance": [
        "為你的其中一項屬性+1",
        "獲得另一個蛇形者的動作",
        "獲得另一個蛇形者的動作",
        "獲得一個來自任何模板的動作",
        "獲得一個來自任何模板的動作",
        "你屬於【人族巢穴】"
      ],
      "sexMove": "若你的家人獲悉你與某人發生性關係，他變成你家族的【衰敗的王朝】的一分子。\n如果他是主要角色，將這個『動作』增加到他的角色卡中。",
      "moveInfo": "※初始時，你獲得【衰敗的王朝】，並再選擇一個『動作』。",
      "move": {
        "moveList": [
          {
            "title": "Failing Dynasty\n衰敗的王朝\n",
            "content": "在蛇的時代，你的家族強大又富饒。\n如今，他們活在昔日的輝煌的陰影下。他們想重振（擇一）：\n ✦ 他們的政治影響力。\n ✦ 他們祖傳的財富。\n ✦ 他們日漸衰退的美麗。\n ✦ 他們的秘密盟友。\n你的家人千方百計地控制你的一舉一動，家族的一家之主獲得你兩條『心弦』。\n每當你被說服去執行家庭成員的命令，你在執行時獲得一點『推進，該家庭成員獲得你一條『心弦』。\n每當你幫助你的家人重拾部分的往日榮光，你標記一點『經驗』。"
          },
          {
            "title": "Mesmerizing\n攝人心魄\n",
            "content": "當你不眨眼睛地盯著某人時，擲HOT。\n在10以上時，他們僵住不動，直到你眨眼或有人碰觸到他們。此後他們全然不記得發生過任何不尋常的事。\n在7~9時，它發生了作用，但前提是你持續地大聲發出嘶嘶聲（他們肯定會知道發生了某些奇怪的事）"
          },
          {
            "title": "The Big Reveal\n大揭露\n",
            "content": "當你向某人顯露出你的真實形態時，他們獲得你一條『心弦』。\n如果他們接受真實的你，他們標記一點『經驗』。\n如果他們拒絕了你，你在對抗他們時獲得一點『推進』。"
          },
          {
            "title": "The New Order\n新秩序\n",
            "content": "當你學會滿足自己在人類社會而非在家族中的某項需求時，標記一點『經驗』。\n當其他人幫助你更好地融入人類社會時，他們標記一點『經驗』。"
          },
          {
            "title": "Patience is a Virtue\n忍耐是一種美德\n",
            "content": "當你保持緘默閉口不言，沒有回應你的對手時，擲COLD。\n在10以上時，獲得他們一條『心弦』。\n在7~9時，在你下次見到他們並用毒牙發動攻擊時獲得一點『推進』。"
          },
          {
            "title": "Temptation\n誘惑\n",
            "content": "你的建議帶有一種超自然的力量。\n當你說服某人去完成某件事時，他們在進行這件事時獲得一點『推進』。\n如果他們取得成功，你獲得他們一條『心弦』。"
          }
        ]
      }
    },
    {
      "ID": "Cerberus",
      "type": "add",
      "name": "The Cerberus\n地獄犬",
      "flavorText": "這曾經很簡單：\n那兒有一條火河，隔絕著彼岸的痛苦，\n而你持續地看守著入口。\n \n誰劫數已定是顯而易見的。\n你的爪子如此鋒利，你的眼睛能同時端詳每個方向。\n \n戶限完好無恙很長一段時間了，若是能一直這樣就好了──\n一邊是卑劣的不幸者，另一邊是無罪的清白人。\n \n你依然守著門檻，你總是會的。\n只是世界變了。\n",
      "backStory": "某人擁有熠熠生輝的純淨靈魂，令你憧憬且嚮往。他獲得你兩條『心弦』。\n你透過敏銳的嗅覺，察覺到了潛伏在周圍的異質。由其他角色處獲得共兩條『心弦』。",
      "stats": [
        {
          "hot": -1,
          "cold": 2,
          "vola": 1,
          "dark": -1
        },
        {
          "hot": -1,
          "cold": 1,
          "vola": -1,
          "dark": 2
        }
      ],
      "darkSelf": "你盡力做一個好孩子，但你來自一個非常糟的地方。\n\n讓我們面對現實吧。\n你是一頭來自地獄、骯髒又不討人喜歡的野獸。\n生來就是為了咆哮和撕咬。\n任何靠近你的人都得被趕走，需要時就使用暴力。\n你必須回到陰影中，把那些該死的黑暗也跟你一起拖進去。\n\n當你的決意被一位品德高尚的英雄瓦解，或是被真愛的力量撫慰時。\n你逃離你的黑暗面。",
      "advance": [
        "為你的其中一項屬性+1",
        "獲得另一個地獄犬的動作",
        "獲得另一個地獄犬的動作",
        "獲得一個來自任何模板的動作",
        "獲得一個來自任何模板的動作",
        "你有【背後的蛇】"
      ],
      "sexMove": "當你與某人發生性關係，告訴他為什麼你不屬於他的世界。\n如果他認同，給你自己一個足以反映這事實的『處境』。如果他不認同，你獲得他一條『心弦』。",
      "moveInfo": "※初始時，你獲得【看門犬】，並再選擇一個『動作』。",
      "move": {
        "moveList": [
          {
            "title": "Watch Dog\n看門犬",
            "content": "你存在於兩個社群之間的閾限空間，一端充滿輝煌燦爛的光明，另一端被黑暗的陰影詛咒。\n守衛邊界是你的職責。\n每當你剔除分水嶺兩邊處在錯誤側的人們，並使他們安分地待在自己的位置，你標記一點『經驗』。"
          },
          {
            "title": "Arbiter\n仲裁者",
            "content": "你可以將某人所持有的一個『處境』，轉移到另一個人身上。每個場景一次。"
          },
          {
            "title": "Dig Deeper\n深入挖掘",
            "content": "當你持有某人的『心弦』，並【凝視深淵】以窺探與他們有直接關聯的事時，在你的擲骰中加一。\n在10以上時，除了其它結果之外，你可以選擇是否給予他們一個『處境』，來反映你得知的事實。\n在7~9時，你無法給予他們『處境』，且對方會察覺有人在探聽他們的事而變得警惕。"
          },
          {
            "title": "Loyal\n忠誠\n",
            "content": "目前擁有你最多『心弦』的人就是你的主人。\n當你採取行動去保護或幫助你的主人時，在你的擲骰中加一，而主人會獲得你的一條『心弦』。\n你進入你的黑暗面時，你當下的主人會失去你所有的『心弦』。"
          },
          {
            "title": "Bark, Then Bite\n吠，然後咬",
            "content": "當你利用你給予某人的『處境』時，它會+2 到你的擲骰中，而不只是+1。\n一旦你這麼做了，對方也因為你極端的行動而擺脫這個『處境』"
          },
          {
            "title": "Doomed Outsider\n注定的局外人",
            "content": "當你試圖將他人從你身邊趕走、或逃避他們的關懷與照顧時，你可以利用自己的『處境』來加入你的擲骰中。"
          }
        ]
      }
    },
    {
      "ID": "Disciple",
      "type": "add",
      "name": "The Disciple\n門徒",
      "flavorText": "世界將會終結。\n\n你知道那將要結束世界的、令人驚懼又敬畏的可怖力量的名字。\n這是你每天低聲呢喃的名字。\n\n這是你崇拜的名字。\n",
      "backStory": "你已與某人宣誓了保密協議，是關於什麼？你們獲得彼此兩條『心弦』。\n你生活中的一位成年人很擔心你。他獲得你一條『心弦』。",
      "stats": [
        {
          "hot": -1,
          "cold": 2,
          "vola": -1,
          "dark": 1
        },
        {
          "hot": -1,
          "cold": -1,
          "vola": 1,
          "dark": 2
        }
      ],
      "darkSelf": "他們是傻瓜才會無視你並虐待你。\n\n當世界在熊熊烈火中化為灰燼，你會確保他們是最先燃燒起來的一批。\n不惜一切代價去召喚你超脫俗世的守護神，並排除任何妨礙你的人。\n\n當邪惡尊師完全降臨在這凡塵領域中，或發生讓你相信仍得重新保持低調再伺機而動的功敗垂成時。\n你逃離你的黑暗面。",
      "advance": [
        "為你的其中一項屬性+1",
        "獲得另一個門徒的動作",
        "獲得另一個門徒的動作",
        "獲得一個來自任何模板的動作",
        "獲得一個來自任何模板的動作",
        "你加入【揚升團體】"
      ],
      "sexMove": "當你允許自己愛上一個人，真正地愛上一個人，而那個人也一樣愛你時。\n抹去一半邪惡尊師在你身上牢牢抓住的『心弦』，四捨五入。",
      "moveInfo": "※初始時，你獲得【世界末日】和【偶像】，並再選擇一個『動作』。",
      "move": {
        "moveList": [
          {
            "title": "End of the World\n世界末日",
            "content": "你已經對一位邪惡尊師宣誓效忠。\n一旦祂累積了六百六十六條『心弦』，就可以徹底顯化在這個境界，並具有無窮的力量。"
          },
          {
            "title": "Idols\n偶像\n",
            "content": "你為你的邪惡尊師創作了許多偶像，從以下類型中擇一：\n布娃娃，符印篆刻，雕像，影片，儀式表演（舞蹈、戲劇或音樂等），火儀式（篝火、火盆或蠟燭等），黑暗詩歌。\n每個偶像都視為你的一條『心弦』、並掌握在邪惡尊師手中，除非他人奪取了它的控制權或摧毀了它。"
          },
          {
            "title": "Blood Offerings\n血祭\n",
            "content": "每當你受到傷害，邪惡尊師就會獲得你的一條心弦，而你標記一點『經驗』。"
          },
          {
            "title": "Spoken For\n代言\n",
            "content": "每當其他人獲得你的一條心弦，你的邪惡尊師就會獲得他們一條『心弦』。"
          },
          {
            "title": "Secret Mission\n秘密使命\n",
            "content": "每當你向某人謊報你的真實動機，而他們愚蠢地相信你時，你就會獲得他們一條『心弦』。"
          },
          {
            "title": "Incantations\n禱詞\n",
            "content": "當你【凝視深淵】向邪惡尊師乞求，祂就會獲得你的一條『心弦』。\n在10以上時，邪惡尊師揭露祂計畫中的下一個階段，而你在為了實行這項命令而進行的所有擲骰上獲得常駐的一點『推進』。"
          },
          {
            "title": "Soul Recruiter\n靈魂招募者\n",
            "content": "當你將一個無辜的靈魂帶給邪惡尊師，你標記一點『經驗』。"
          }
        ]
      }
    },
    {
      "ID": "Mermaid",
      "type": "own",
      "name": "The Mermaid\n人魚",
      "flavorText": "你注意到了。\n你生而殘缺。\n世界只有一半，另一半在你無法觸及的彼端。\n\n你擁有美妙動聽的歌聲，但沒有優雅靈巧的舞姿。\n你在你的世界如魚得水，在另一個世界卻步步艱難。\n\n神說是的，因為你沒有天堂的入場券（靈魂）。\n\n你生而如此。\n你的嚮往亦是，生而如此。\n",
      "backStory": "有人持有你真心渴望的事物。他獲得一條你的『心弦』。\n你持有某人真心渴望的事物。你獲得一條他的『心弦』。",
      "stats": [
        {
          "hot": 2,
          "cold": -1,
          "vola": -1,
          "dark": 1
        },
        {
          "hot": 2,
          "cold": -1,
          "vola": 1,
          "dark": -1
        }
      ],
      "darkSelf": "是的，檻就在那裏。\n猶如海平線那般遼闊的壁壘。\n你想要的你永遠無法得到，悲哀淹沒你的心智，猶如過剩的壓力要將你由內而外撐裂。\n這樣下去你會死，比死更絕望。\n當你親自摧毀你渴望的事物，或者摧毀你自己追求渴望事物的能力，你逃離你的黑暗面。",
      "advance": [
        "為你的其中一項屬性+1",
        "獲得另一個人魚的動作",
        "獲得另一個人魚的動作",
        "獲得一個來自任何模板的動作",
        "獲得一個來自任何模板的動作",
        "你屬於【深海】"
      ],
      "sexMove": "當你有親密接觸的對象持有你渴望的事物，給予對方一條你的『心弦』，此後你可以將他本身視為你渴望的事物。\n若對象未持有你渴望的事物，獲得對方一條『心弦』。",
      "moveInfo": "※初始時，你獲得【雙足】，並再選擇一個『動作』。",
      "move": {
        "moveList": [
          {
            "title": "Feet\n雙足",
            "content": "為了上岸，為了追求夢想，你付出了如同詛咒的代價。\n決定你為換取雙足付出了什麼，這代價致使你的身體有個在日常生活中極易察覺的缺憾。\n你獲得與此缺憾對應的『處境』，並選擇一項屬性-2或兩項屬性-1。\n這個『處境』恆久存在，不能移除。"
          },
          {
            "title": "Thetis's favor\n海的恩惠",
            "content": "你是海洋的寵兒，你熟悉你的世界的一切。\n當你身處能讓你自由游動、潛浮的水域，在你所有的擲骰中+1。"
          },
          {
            "title": "Lureln\n水妖之聲",
            "content": "你的聲音清澈動人。當你面對面與人說話且對方可以清楚聽見你的聲音，你在以對方為目標且使用聲音【引起悸動】或【使人難堪】的擲骰上+1。"
          },
          {
            "title": "Part of Your World\n嚮往的世界",
            "content": "他們擁有的事物如此美好，你想把他們握在手裡。\n當你成功【引起悸動】（7或以上），你可以選擇消耗一條『心弦』要求對方將他最珍視的事物交給你。"
          },
          {
            "title": "Eternal longing\n永恆的渴望",
            "content": "你屬於海，對於那些可望不可求的存在，海已經告訴你要如何擁有他們。\n當你將你渴望的事物沉入深海，將他永遠留在你的世界，你獲得一點『經驗』。"
          },
          {
            "title": "Strive with all\n奉獻所有 ",
            "content": "你願意獻出任何東西來追逐你想要的結果。\n當你的擲骰結果低於10時，你可以給自己一點『傷害』重新擲骰；\n重擲結果仍低於10時，你可以給自己兩點『傷害』再次重擲；\n再擲結果依然低於10時，你可以最後一次重擲並從以下狀況擇一：\n ✦ 你永遠失去生命\n ✦ 你進入黑暗面\n ✦ 你失去所有擁有的『心弦』\n無論止步於何時，你必須接受當前這次擲骰的結果。\n"
          }
        ]
      }
    },
    {
      "ID": "Cat-Sìth",
      "type": "own",
      "name": "The Cat-Sìth\n貓妖",
      "flavorText": "你在陽光下伸著懶腰。\n今天做什麼好？\n\n許多有趣的線頭（線索）藏在不起眼的小角落裡，而你很早就察覺到這些。\n搔弄它們、把它們拉出來、追著它們像追著自己的尾巴。\n\n一定有什麼能滿足你的好奇。\n至於到底會扯出一團多大的糾纏，那不是你要關心的。\n太陽底下怎麼可能沒有新鮮事。\n就算它們背後拖著長長的陰影……\n\n再說吧！現在，都不重要。\n",
      "backStory": "你神出鬼沒的行蹤與出人意表的個性讓周圍的人相當在意。你獲得所有人一條『心弦』。\n某人引起了你的興趣，你想從他身上探索更多。他獲得你一條『心弦』。",
      "stats": [
        {
          "hot": 1,
          "cold": -1,
          "vola": -1,
          "dark": 2
        },
        {
          "hot": -1,
          "cold": -1,
          "vola": 2,
          "dark": 1
        }
      ],
      "darkSelf": "這一切都太無趣了。\n為什麼他們那麼枯燥？就連最乏味的白日夢都比他們有趣。\n\n離開他們，離開令人厭煩的一切，離開一成不變的所有。\n你無法忍受跟這群甚至不懂你為什麼無法忍受的傢伙們在一起。\n或許是時候讓他們了解了──把他們推進危險中。\n遠遠地窩在高處望著他們浮沉在迷人的深淵裡。\n\n當某人溫柔而穩定地包容你，並讓你領悟到平凡與平靜是一種珍貴的幸福時。\n你逃離你的黑暗面。",
      "advance": [
        "為你的其中一項屬性+1。",
        "獲得另一個貓妖的動作",
        "獲得另一個貓妖的動作",
        "獲得一個來自任何模板的動作",
        "獲得一個來自任何模板的動作",
        "你屬於【貓咪議會】"
      ],
      "sexMove": "當你與某人發生性關係，他們會向你詢問自己吸引你的地方，你可以據實以告或扯謊。\n無論如何，當你停留在他們身邊時，他們與這個特質相關的行動能獲得一點『推進』。\n當你離開他們時，他們獲得一個『處境』：【患得患失】，並變得容易出錯。",
      "moveInfo": "※初始時，你獲得【目光焦點】，並再選擇二個『動作』。",
      "move": {
        "moveList": [
          {
            "title": "Eyes on You\n目光焦點",
            "content": "在每個場景開始時，你能夠決定是否選擇一個目前最能吸引你注意力的人，做為你的目光焦點。\n當某人成為你的目光焦點時，他獲得你的一條『心弦』，而你在這個場景中針對他的所有擲骰+1。"
          },
          {
            "title": "Bad Jinx or Lucky Star\n厄運？還是吉星？",
            "content": "你可以對擁有你『心弦』的人發揮奇妙的影響力。\n在對方做任何擲骰時，你可以透過讓自己受到一點『傷害』，來為他的擲骰+1或-1。\n若這個擲骰行動帶有賭博意味，你可以為他+2或-2（仍然是一點傷害）。"
          },
          {
            "title": "Cat Burglar\n飛賊",
            "content": "你來去無蹤，從糟糕的狀況脫身對你來說並非難事。當你【逃跑】時，擲VOLATILE。\n在10以上時，你成功地逃走了。除此之外，你還摸走了一樣東西，從以下擇一：\n ✦ 某個物品：某件擺在現場的小東西，或在場者身上的隨身物品。\n ✦ 某項線索：當下的環境或氣氛，讓你明白了某項事實或資訊。\n ✦ 某人的心：你獲得某位在場者的一條『心弦』。\n在7~9時，你能夠逃到安全的地方，而沒有發生其他預期外的狀況。"
          },
          {
            "title": "Daydream\n白日夢",
            "content": "你能夠花費他人的一條『心弦』，將你【凝視深淵】所見到的景象分享給他們。"
          },
          {
            "title": "Open the Door\n開開門",
            "content": "如果那兒有一扇門，它就該被打開。你的神秘力量可以幫你這麼做。\n當你試圖打開一扇關上的門，或許是某間屋子的房門，或許是某人的心門。擲DARK。\n在10以上時，你將門打開，並獲得你在尋找的東西：一個被隱藏的秘密，或一個被吐露的真相。\n在7~9時，你將門打開，但門後有著出乎意料的發現，並可能帶來麻煩。"
          },
          {
            "title": "Nine Lives\n九命",
            "content": "當你遭受第四次傷害時，添加以下選項至你的【避免死亡】：\n你抹除一點『傷害』，並在你為求生所做的行動獲得一點『推進』。"
          },
          {
            "title": "The Ins-and-Outs of a Cat's Arse\n所有的來龍去脈",
            "content": "定義你所追尋的（擇一）：\n ✦ 某個背後牽扯著危險的秘密。\n ✦ 某項需要付出努力的里程碑。\n ✦ 某人對你徹底的信任與坦承。\n當你終於獲得完整的成果，並徹底滿足你的好奇心時，你標記一點『經驗』。"
          }
        ]
      }
    },
    {
      "ID": "Prophet",
      "type": "own",
      "name": "The Prophet\n先知",
      "flavorText": "你看見了。\n\n有無數多條的線，通往無數個未來。\n每一個人踩在他們既定的線上盲目摸索，而遠方的你卻看得清明。\n\n你想幫他們不在黑暗中跌倒，不走向注定的毀滅。\n然而他們矇著雙眼，所以他們只是笑著甩開你的手、你的憂心和你的預言。\n\n你能看見線的盡頭，但線不在你的手中。\n你能看見一切，卻無法扭轉分毫。\n",
      "backStory": "你有一個重要的人，而你總是見到關於他的預示。他獲得你兩條『心弦』。\n你曾透過一些小小的提醒給人帶來幫助，有些人為此感謝你。選擇兩個角色，各獲得他們一條『心弦』。",
      "stats": [
        {
          "hot": 1,
          "cold": -1,
          "vola": -1,
          "dark": 2
        },
        {
          "hot": -1,
          "cold": -1,
          "vola": 1,
          "dark": 2
        }
      ],
      "darkSelf": "沒有人相信你。\n他們無視你的警告，再次把你視為無聊又無意義的鬧劇。\n\n你用盡一切手段試圖擋在他們與他們可怕的未來之間。\n即使你深刻的洞察被淺陋的傲慢指摘為瘋癲的胡言亂語。\n你別無選擇。\n\n當你被你關心的人們推上火刑架而徹底死心；或有個人無論如何都發自內心地相信你並幫助你。\n你逃離你的黑暗面。",
      "advance": [
        "為你的其中一項屬性+1。",
        "獲得另一個先知的動作",
        "獲得所有剩餘的預示",
        "獲得一個來自任何模板的動作",
        "獲得一個來自任何模板的動作",
        "你屬於【時光之外】"
      ],
      "sexMove": "當你與某人發生性關係後，深淵會向你顯現一個關於他們的明確預示。\n你在與這件事有關的行動上獲得一點『推進』。",
      "moveInfo": "※初始時，你獲得【深淵之子】與【預示】。",
      "move": {
        "moveList": [
          {
            "title": "Children of the Abyss\n深淵之子",
            "content": "你對深淵有比別人更深刻的理解。你【凝視深淵】時的擲骰+1。"
          },
          {
            "title": "Heralding\n預示",
            "content": "深淵是你的一部分，如今你也可以成為他人的深淵。選擇兩種你已覺醒的預示。\n必須對已建立連結的對象你才能顯現預示，若非你擁有對方的心弦，就是對方擁有你的心弦。並擲DARK。\n在10以上時，你成功顯現了預示。\n在7~9時，它仍然被顯現，但從以下擇一：\n ✦ 對方獲得一條你的『心弦』。\n ✦ 你獲得一個處境：【危言聳聽】或【裝神弄鬼】。\n ✦ 這次預示使你受到一點『傷害』。\n ✦ 觸發了你的黑暗面。"
          },
          {
            "title": "Divination Prop\n占卜工具",
            "content": "你有一種熟練的占卜工具，從以下擇一：\n牌卡、靈擺、符石、靈應板、水晶礦物、爻卦、靈籤、甚至是動物夥伴。\n這是你藉以向他人演示你預示的管道──以一種盡可能不那麼超現實的方式。\n在使用占卜工具傳達你想告知的預言時，你的擲骰+1。"
          },
          {
            "title": "At any Cost\n不惜代價",
            "content": "為了阻止事態變得無可挽回，你選擇向深淵獻上一切並祈願。\n你遭受四點『傷害』。而深淵會將你看見的某個未來，在現實中以淺顯易懂的方式於某人面前進行預演，並揭露出足夠的資訊讓他們明白這是真實可能發生的事。"
          }
        ]
      },
      "moveAdd": {
        "moveAddTitle": "預示",
        "moveAddList": [
          {
            "title": "Prophetic Dreams\n預知夢",
            "content": "你能夠透過編織預示對象的夢境，演示你想讓他們看見的景象。\n這個景象限定在一個場景間的行動。"
          },
          {
            "title": "Omen\n預兆",
            "content": "你可以簡單並短暫地影響無生命的物體，展現出不尋常的異象來傳達示警。\n比如颳起狂風、水中出現模糊倒影、煙霧變得扭曲、燈光一陣閃爍、爐火瞬間地猛烈燃燒。"
          },
          {
            "title": "Oracle\n神諭",
            "content": "你將神秘力量的啟示傳達給預示對象，並賦予一個適合他們的【處境】。\n藉由這個難以忽視的指引，對他們的行動造成影響。"
          },
          {
            "title": "Portent\n凶象",
            "content": "你預見了預示對象的災厄，他們在你所定義的某件事上容易失敗，下一次的擲骰-1。"
          },
          {
            "title": "Rede\n箴言",
            "content": "給予預示對象啟發，他們在你所定義的某件事上被幸運所眷顧，獲得一點『推進』。"
          }
        ]
      }
    },
    {
      "ID": "Gargoyle",
      "type": "own",
      "name": "The Gargoyle\n石像鬼",
      "flavorText": "你堅定不移地守望著。\n \n只有在黑暗中，沒有光線也沒有視線的時候，你才能伸展筋骨，像常人那樣活動。\n只有在那時候，你會感受到冰涼的夜霧，刺痛著你的皮膚。\n當它在你臉上凝結成清晨的露珠，你又恢復了不知疲憊的佇立，任憑風吹雨打也毫不動搖。\n \n畢竟，你不會痛。\n你不可能痛。\n \n你不可以痛。\n",
      "backStory": "你可靠又堅強，曾經帶給某人支持或方向。你們彼此獲得對方的一條『心弦』。\n你發覺有人感受到了你冷淡的外表下埋藏著些什麼。他獲得你一條『心弦』。",
      "stats": [
        {
          "hot": -1,
          "cold": 2,
          "vola": -1,
          "dark": 1
        },
        {
          "hot": 1,
          "cold": 2,
          "vola": -1,
          "dark": -1
        }
      ],
      "darkSelf": "在你面前從來就只有一個選擇──\n忍受一切，堅持下去。\n \n你背負著太多，因此你不能倒塌，你沒有喘息的餘地。\n如果你示弱，一切將失去秩序，你所守護的全都會轟然崩陷而灰飛湮滅。\n \n當你背棄能觸動你聖域的重要存在，或徹底承認你的軟弱並允許自己瓦解。\n你逃離你的黑暗面。",
      "advance": [
        "為你的其中一項屬性+1",
        "獲得另一個石像鬼的動作",
        "獲得另一個石像鬼的動作",
        "獲得一個來自任何模板的動作",
        "獲得一個來自任何模板的動作",
        "你屬於【長城】"
      ],
      "sexMove": "當你與某人發生性關係，你可以選擇是否將你的聖域與對方分享。\n若你這麼做了，他們將成為你聖域的一部分，在任何你試圖守護他們的擲骰中+1。",
      "moveInfo": "※初始時，你獲得【聖域】，並再選擇一個『動作』。",
      "move": {
        "moveList": [
          {
            "title": "Sacred Place\n聖域",
            "content": "你心中有個被隱匿起來的聖域，在裡面的是你小心守護的東西（擇一）。\n✦ 來自某人的期待。\n✦ 你對某事的使命感。\n✦ 一個戒律或自我期許。\n你嚴密地掩藏著、直到自己都接近麻木，在任何試圖不使它暴露的隱瞞或迴避行動中擲骰+1。\n一旦聖域被他人察覺並涉入，將打破你內心的平靜並觸發你的戰逃反應。以Volatile擲【保持冷靜】。"
          },
          {
            "title": "Heart of Stone\n鐵石心腸",
            "content": "你受過烈焰與風霜的淬鍊，那些流過你的身軀、沉澱在你心中，你習以為常。這讓你對於外界的刺激有異於常人的抗性。\n在別人對你【引起悸動】與【使人難堪】的擲骰中-1。"
          },
          {
            "title": "Spiny Skin\n棘皮",
            "content": "當你身處在陽光下，你所受到的任何『傷害』減少一點。\n若造成傷害時對方與你有肢體接觸，使你受傷的對方也受到一點『傷害』。"
          },
          {
            "title": "Petrify and Dormancy\n石化休眠",
            "content": "當你身處在陽光下，你不一定需要透過休息或受到照料，也能自然地治癒『傷害』。\n每場景一次，可以治癒一點『傷害』。"
          },
          {
            "title": "Duality\n雙面性",
            "content": "你在黑夜中的姿態與白晝中不同，更逼近真實的樣貌且行動更加靈活。\n你可以任意將一點Cold屬性分配到其他屬性上，以此作為你黑夜中的屬性傾向（白晝中的屬性傾向維持原始樣貌，不受影響）。"
          },
          {
            "title": "Guardian Statue\n門神",
            "content": "每當你允許某人在你的守護下軟弱，並挺身而出站在他們前方或陪在他們身旁，在你協助他們處理問題的行動上獲得一點『推進』。\n若你成功幫他們解決了他們的困境，你標記一點『經驗』。"
          }
        ]
      }
    },
    {
      "ID": "Salamander",
      "type": "own",
      "name": "The Salamander\n火蠑螈",
      "flavorText": "洶湧的惡潮圍繞著你，一鬆懈就會遭污濁淹沒。\n為了不被黑暗吞噬，你必須時刻保持光明。\n因此，你燃燒。\n\n燃燒自己，為了捍衛自己。\n\n人們遠望著你不滅的永火，畏懼地竊竊私語。\n然而焚燒所有延續你灼灼的烈焰，是保護自我的唯一方式。\n你明白，也甘願。\n",
      "backStory": "你鮮明的個性與戲劇性的作風讓人印象深刻。獲得每人一條『心弦』。\n某人知道你隱藏在好鬥外表下的真實樣貌。他獲得你兩條『心弦』。",
      "stats": [
        {
          "hot": -1,
          "cold": 1,
          "vola": 2,
          "dark": -1
        },
        {
          "hot": -1,
          "cold": -1,
          "vola": 2,
          "dark": 1
        }
      ],
      "darkSelf": "你只能比投向你的惡意更惡毒。\n你只能比燒灼你的煎熬更熾熱。\n不然你會死。\n\n鋪天蓋地而來的危險猝不及防，你必須盡最大的努力燃燒。\n哪怕燒毀你的棲身之所，燒毀你自己。\n\n當你徹底耗竭自己與自己的所有，或灼傷了一個真正了解你的人。\n你逃離你的黑暗面。",
      "advance": [
        "為你的其中一項屬性+1",
        "獲得另一個火蠑螈的動作",
        "獲得另一個火蠑螈的動作",
        "獲得一個來自任何模板的動作",
        "獲得一個來自任何模板的動作",
        "你屬於【炎沼】"
      ],
      "sexMove": "當你與某人發生性關係，你可以選擇治癒他一點『傷害』或移除他一個『處境』。\n若你這麼做了，你獲得對方一條『心弦』。若對方拒絕你這麼做，對方獲得你一條『心弦』。\n若你們發生關係時對方沒有『傷害』或『處境』，下次你對他【使人難堪】或【肢體衝突】時擲骰-1。",
      "moveInfo": "※初始時，你獲得【明焰】，並再選擇一個『動作』。",
      "move": {
        "moveList": [
          {
            "title": "Flame\n明焰",
            "content": "當你落於人際互動的被動方，或處在由人際角力引起的、需要作出應對的戰逃局面之中。\n無論是否涉及實際的肢體互動，你都可以選擇以Volatile來做出反應。\n或者慌亂害臊地應對對方的調情、以Volatile取代Hot擲【引起悸動】；或者盛氣凌人地回嗆對方的言語挑釁、以Volatile取代Cold擲【使人難堪】。\n一旦你這麼做了，即使你成功，對方也會了解你真實的本性，獲得你的一條『心弦』。失敗則不會額外受此影響。"
          },
          {
            "title": "Ignition\n點燃",
            "content": "在你為了反擊所做的任何擲骰中+1。"
          },
          {
            "title": "Virulent\n劇毒",
            "content": "當你消耗一條對方的『心弦』，你為對方造成的『傷害』是+2而非+1。"
          },
          {
            "title": "Spread\n延燒",
            "content": "你可以利用你給予他人的『處境』，在對應其他與此處境相關連的對象時，+1到你的擲骰中。\n例如某人落入了《劈腿》的『處境』，那麼面對與某人有情感糾紛的對象時，你在對抗他們的擲骰都會+1。"
          },
          {
            "title": "Fire Eating\n食火",
            "content": "當你受到『傷害』時，在你【保持冷靜】和【凝視深淵】時的擲骰中+1。"
          },
          {
            "title": "Moulting\n蛻皮",
            "content": "當你成功克服一個『處境』，你標記一點『經驗』。"
          }
        ]
      }
    },
    {
      "ID": "Necromancer",
      "type": "own",
      "name": "The Necromancer\n死靈法師",
      "flavorText": "他們在陽光下奔跑，嬉戲，笑鬧。\n盡情展現青春該有的模樣。\n\n但對你來說，那一切都太過刺眼。\n你在只屬於你的靜謐裡低聲絮語。\n\n你明白，靈魂的美從不拘泥於一種形式。\n那份珍貴不僅洋溢在明亮的生機中，也流淌在幽深的逝體裡。\n\n你願為此放逐自己。",
      "backStory": "有人注意到你安靜外表下的狂熱，對你產生了興趣。你獲得他一條『心弦』。\n某人身上帶有你熟悉的死亡氣息，引起了你的注意。他獲得你一條『心弦』。",
      "stats": [
        {
          "hot": -1,
          "cold": -1,
          "vola": 1,
          "dark": 2
        },
        {
          "hot": -1,
          "cold": 2,
          "vola": -1,
          "dark": 1
        }
      ],
      "darkSelf": "你很寂寞。\n\n你所擁有的只餘下廣闊無垠的黑暗，和那其中蠢蠢欲動的孤單。\n沉默在蒼涼的夜裡過於喧囂，你想被溫暖擁抱──無論來自於生，死，或兩者之間。\n\n當有人誠心地接納你、而你也接納他進入你的生命。\n或你將某人帶入你的黑暗世界、成為沉默夥伴的一員。\n你逃離你的黑暗面。",
      "advance": [
        "為你的其中一項屬性+1",
        "獲得另一個死靈法師的動作",
        "獲得另一個死靈法師的動作",
        "獲得一個來自任何模板的動作",
        "獲得一個來自任何模板的動作",
        "你屬於【無光之地】"
      ],
      "sexMove": "當你與某人發生性關係，將掌握他的生命徵象。對方受到傷害或進入危機時，你能清楚地感受到。\n當對方帶有『傷害』時，你可對他用DARK擲【肢體衝突】；當對方失去生命、而你選擇使用【自無光之地甦醒】喚醒他時，在你的擲骰中+1。",
      "moveInfo": "※初始時，你獲得【自無光之地甦醒】，並再選擇一個『動作』。",
      "move": {
        "moveList": [
          {
            "title": "Ego sum, te peto et videre queo. \n自無光之地甦醒",
            "content": "你舉行儀式，將靈魂從沉眠中喚醒，擲DARK。當你帶有『傷害』時，在你的擲骰中+1。\n被你喚醒的復甦者自我薄弱，記憶模糊，聽從你的命令行事，無法在陽光下活動。\n在10以上時，他們甦醒了，帶著死亡氣息成為你的夥伴。\n在7~9時，他們甦醒了，但從以下擇一：\n他們神智不清，難以聽從指令。\n他們具有無法克制的攻擊衝動。\n效果只能維持一天，之後你無法再喚醒同個對象。"
          },
          {
            "title": "Silent Hotline \n沉默熱線",
            "content": "你能夠透過碰觸屍體並讀取殘留意念，和逝去的生命體進行對話。\n對話對象不侷限於人類死者，任何生物皆可。但對話的範圍則視對象的心智能力和常識決定。\n比方一隻狗可能不具備對人類社會規範的認知，一隻蟲子甚至連「規範」的概念都沒有。\n這麼做也可能讓你的感受和視角，更易受這些常人無法理解的管道和資訊所影響。"
          },
          {
            "title": "Dark Romanticism \n黑色浪漫",
            "content": "當某人帶有傷害時，你危險而狂熱的黑暗氣息將使他產生共鳴，令他難以抗拒地受到吸引。你可以用DARK對他擲【引起悸動】。"
          },
          {
            "title": "Soul Trick \n靈魂把戲",
            "content": "你能夠使用某人的一條『心弦』，製造嵌入他一小片靈魂的人偶，材質和造型依你的喜好決定。\n人偶擁有和心弦給予者相同的性格，但沒有記憶。當心弦給予者進入睡眠或失去意識時，人偶會甦醒並活動，並能進行簡單的互動。\n破壞人偶會使心弦給予者受到一點『傷害』。"
          },
          {
            "title": "Glimmer \n微光",
            "content": "當有人知道了你的真實面目和秘密，仍堅持待在你的身邊，他們獲得一點『經驗』，而你獲得他們一條『心弦』。"
          },
          {
            "title": "Ashes to Ashes, Dust to Dust \n歸於塵土",
            "content": "你舉行儀式，讓甦醒的逝者回到他們的自然循環中。\n儀式結束後，你進入你的黑暗面。當你脫離因此造成的黑暗面時，你獲得一點『經驗』。"
          }
        ]
      }
    },
    {
      "ID": "Muses",
      "type": "own",
      "name": "The Muses\n繆思",
      "flavorText": "你是特別的存在。\n你是思維、是智慧、是藝術。\n你是啟蒙，是定義精神價值的標竿。\n\n你是淬鍊過的美。\n\n你應當被崇拜（重視），你應當被信仰（讚美）。\n無形的價值應該獲得相應的回饋。\n\n那些成就的扉頁應當留下你的名字。\n",
      "backStory": "有些人全心傾慕著你。他們獲得『處境：繆思崇拜』。\n有人觸及你象徵的領域。他獲得你一條『心弦』。",
      "stats": [
        {
          "hot": 2,
          "cold": -1,
          "vola": 1,
          "dark": -1
        },
        {
          "hot": 2,
          "cold": 1,
          "vola": -1,
          "dark": -1
        }
      ],
      "darkSelf": "這是件奇怪的事情。\n你的想法受到反駁。\n你的行為遭到拒絕。\n你的價值被人否定。\n這是不該發生的事情。\n\n有誰導致了這個狀況的發生，或許是他們迷失了，或許是他們被迷惑了。\n不論如何，這應該被解決。\n\n當有人認同你的特別，或者再也無人認同你的特別，你脫離黑暗面。",
      "advance": [
        "為你的其中一項屬性+1",
        "獲得另一個繆思的動作",
        "獲得另一個繆思的動作",
        "獲得一個來自任何模板的動作",
        "獲得一個來自任何模板的動作",
        "你屬於【扉頁】"
      ],
      "sexMove": "當你與某人發生性關係，確認對方眼中的你是怎樣的存在。\n若對方將你視為崇拜對象，則他獲得『處境：繆思崇拜』；若他已有該『處境』，則取得一點與你有關的『推進』。\n若對方將你視為對等的存在，你獲得一點『經驗』，對方移除『處境：繆思崇拜』，如果他們有的話。",
      "moveInfo": "※初始時，你獲得【藝術化身】，並再選擇一個『動作』。",
      "move": {
        "moveList": [
          {
            "title": "Mousike\n藝術化身",
            "content": "你是某些人眼中的信仰，是讚頌與祈求的對象。這些人將獲得『處境：繆思崇拜』。\n你獲得他人對你的正向『心弦』時，可以改為讓對方獲得『處境：繆思崇拜』。\n持有『處境：繆思崇拜』的人有以下效果：\n✦ 你的動作以他們為目標時，視為持有對方一條『心弦』，可使此次擲骰結果+1 或觸發其他以『心弦』為前提條件的效果。\n✦ 你獲得他們的『心弦』時，會變成獲得一點可用於下次擲骰的『推進』。\n✦ 他們移除該『處境』時，可以給你一個『處境』。"
          },
          {
            "title": "Inspiration\n靈感",
            "content": "你的言行皆可成為靈感。當你進行動作的擲骰結果在10以上，可額外從以下項目擇一：\n✦ 目擊你動作的某人獲得『處境：繆思崇拜』。\n✦ 目擊你動作的某人獲得一點可用於下次擲骰的『推進』。"
          },
          {
            "title": "Invoke\n引用",
            "content": "持有『處境：繆思崇拜』的人引用你的言行去進行動作時，其擲骰結果+1。\n當他們這麼做且成功時，你獲得一點可用於下次擲骰的『推進』；\n當他們這麼做而失敗時，你因他們的失敗獲得對應的『處境』。"
          },
          {
            "title": "Through the author\n透過他人之筆",
            "content": "你精通表達，擅於以任何形式引導他人依你所想去行動。你可以在你沒有任何『處境』時這麼做，擲HOT。\n結果在10以上時，他們會依你所想的行動。結果在7~9時，從以下擇一：\n✦ 他們依你所想的行動，但意識到你的引導跟意圖，你獲得一個『處境』。\n✦ 他們行動，但理解錯誤，朝著別的方向進行。\n✦ 他們拒絕進行這個行動。"
          },
          {
            "title": "Sing to them\n頌歌",
            "content": "當同一個場景中持有『處境：繆思崇拜』的人超過半數，你的擲骰結果+3。"
          },
          {
            "title": "The key to the good life\n願景的鑰匙",
            "content": "當你自發地協助某人移除『處境：繆思崇拜』，從以下結果擇一：\n ✦ 你們各獲得一點『經驗』。\n ✦ 你們獲得對方一條『心弦』。\n此動作效果對一個人只能生效一次。"
          }
        ]
      }
    },
    {
      "ID": "LivingArmor",
      "type": "own",
      "name": "The Living Armor\n活鎧甲",
      "flavorText": "最初只是一個小小的心願。\n\n和親愛的人們一起生活在你的小小家園。\n從日出，到日落。\n從晨起的問安，到夕暮的道別。\n\n然而世界從不允許你安適於此。\n\n為免馴良地被黑暗吞噬，你只能理解並走向黑夜。\n穿起一件件厚重的鎧甲，拿起劍。\n小小的心願化作支撐你的信念。\n往前，再往前。\n\n直到再沒有人記得你最初的模樣。\n",
      "backStory": "你有無論如何也要為之而戰的存在。將總共三條『心弦』分配給他或他們。\n有人嚮往你的強大。從他或他們身上獲得總共兩條『心弦』。 ",
      "stats": [
        {
          "hot": -1,
          "cold": 2,
          "vola": 1,
          "dark": -1
        },
        {
          "hot": -1,
          "cold": 1,
          "vola": 2,
          "dark": -1
        }
      ],
      "darkSelf": "破滅了。\n\n你所愛的人，你的寶物，你的家鄉，你的歸處。\n在你的眼前沉陷火海，熊熊燃燒。\n\n你化身令人聞風喪膽的戰爭機器，忘卻在心中閃耀的信念。\n敵人，盟友，清白與無罪的靈魂，都逃不過這場殺戮。\n\n當你傾盡全力毀滅擋在面前的一切。你逃離你的黑暗面。",
      "advance": [
        "為你的其中一項屬性+1",
        "獲得另一個活鎧甲的動作",
        "獲得另一個活鎧甲的動作",
        "獲得一個來自任何模板的動作",
        "獲得一個來自任何模板的動作",
        "你屬於【古城的遺志】"
      ],
      "sexMove": "你只能在擁有你『心弦』的對象面前卸除武裝、變得赤裸。\n若你這麼做了，下次對方在對抗你的擲骰中+2。",
      "moveInfo": "※初始時，任意選擇二個『動作』。",
      "move": {
        "moveList": [
          {
            "title": "Duel\n決鬥",
            "content": "當你宣告某人為你當前的敵對目標時，他獲得一個處境：【決鬥對象】。\n你們在對抗彼此時的擲骰中+1。"
          },
          {
            "title": "Bloodstained Armor\n血色鎧甲\n",
            "content": "當你受到一點『傷害』時，在你為了攻擊所做的任何擲骰中+1。\n當你受到兩點『傷害』時則+2，三點則+3。"
          },
          {
            "title": "Iron Veil\n鋼鐵帷幕\n",
            "content": "你身上的每一個『處境』，使你在不以該『處境』對抗你時的擲骰-1。\n假如你同時落入了《冷酷無情》和《暴力份子》的『處境』，那麼在他人以《冷酷無情》批判你時，《暴力份子》也會讓他們對抗你的擲骰-1。"
          },
          {
            "title": "Beyond the Steel Visor\n面盔之下\n",
            "content": "當你潛伏於暗處運籌帷幄，在未經任何人察覺和理解的情況下推進你的目的，DARK+1。"
          },
          {
            "title": "Corroded Sword\n鏽蝕之劍\n",
            "content": "當你獲得對方的同意時，你可以透過給予別人一條『心弦』的方式，將身上的一點『傷害』或一個『處境』轉移給對方。"
          },
          {
            "title": "Wishborne Crystal\n心願結晶\n",
            "content": "每當有人使你想起你最初的心願，並幫助你在不使用武力的狀況下達成它時，你們彼此標記一點『經驗』。"
          }
        ]
      }
    },
    {
      "ID": "SwanMaiden",
      "type": "own",
      "name": "The SwanMaiden\n天鵝少女",
      "flavorText": "你是如此美好。\n\n世界在你的羽翼下展開，寬廣而遼闊。\n披上羽衣隨季節遷徙，褪下羽衣於湖畔小憩。\n你在奇思妙想中千變萬化。\n以你喜歡的模樣。\n\n於是他們偷走你的羽衣，奪去你的天空。\n\n你是如此美好。\n他們說，你應當為人所有。\n",
      "backStory": "有人持有你的羽衣。他獲得你三條『心弦』。\n有人對你抱持善意。你獲得他一條『心弦』。",
      "stats": [
        {
          "hot": -1,
          "cold": 1,
          "vola": 2,
          "dark": -1
        },
        {
          "hot": 1,
          "cold": -1,
          "vola": 2,
          "dark": -1
        }
      ],
      "darkSelf": "再忍耐一點、再順從一點、再多付出一點……\n一點一點累積的絕望讓你寸步難行。\n\n你需要將羽衣披回身上。\n將回到天空的選擇權握在手裡。\n\n當有人代替羽衣令你感到安全，或將一段關係的主導權握在手中來安撫你的恐懼。\n你逃離你的黑暗面。\n",
      "advance": [
        "為你的其中一項屬性+1。",
        "獲得另一個天鵝少女的行動。",
        "獲得另一個天鵝少女的行動。",
        "獲得另一個天鵝少女的行動。",
        "獲得一個來自任何模板的動作",
        "獲得一個來自任何模板的動作"
      ],
      "sexMove": "當你與某人發生性關係，無論這是否是你的選擇，你獲得一個由對方決定的『處境』。\n如果對方持有你的『心弦』數量超過你持有對方的『心弦』數量，你受到一點『傷害』。\n",
      "moveInfo": "※初始時，你獲得【羽衣】，並再選擇一個『動作』。",
      "move": {
        "moveList": [
          {
            "title": "Plumage\n羽衣",
            "content": "你的羽衣被奪走了，你需要取回它。\n當你持有的『心弦』達到一定數量以上，你可以選擇是否消耗你持有的全部『心弦』取回羽衣。這個數量要求從以下擇一：\n二十條『心弦』。\n遊戲中主要角色加主要配角人數乘以二的『心弦』。\n當你取回羽衣，你可以立刻脫離這場遊戲，或跟MC討論並更換你的模板。\n當你選擇更換模板，你的成長、動作、經驗、處境將歸零，以新模板回到這場遊戲中。\n在你更換模板後，持有你『心弦』的人需捨棄所有你的『心弦』，並立即決定是否要給你一個『處境』。\n"
          },
          {
            "title": "Adapt\n適應\n",
            "content": "你的本能反應幫助你在你無法共情時適應這個世界。\n你可以用 Volatile 代替 Hot 或 Cold 進行擲骰，當你這麼做且成功時，你無法獲取對方的『心弦』。\n"
          },
          {
            "title": "Brushing the Sky\n觸及天空\n",
            "content": "當你身處與你失去的世界很近的地方，例如天台、湖畔、空曠的草原等，你將同時感到平靜與痛楚。在這個場合，你可以選擇：\n將你承受的一個『處境』轉化成一點『傷害』。\n將一點『傷害』轉化為一個『處境』，由對你造成傷害的人決定『處境』的內容。\n"
          },
          {
            "title": "Yield to Fate\n順從命運\n",
            "content": "當你依循所處環境的價值觀，為持有你心弦的某人付出、使對方受益，或接受對方的要求並執行，你可以獲得對方一條『心弦』。"
          },
          {
            "title": "Wary Heart\n戒心難解\n",
            "content": "當持有你心弦的人在不使用『心弦』的狀況下以你為目標進行擲骰，你可以使該次擲骰結果 -1。\n如果這導致該次擲骰失敗，你獲得對方一條『心弦』。\n"
          },
          {
            "title": "Desperate Flight\n失控振翅\n",
            "content": "你可以使用這個動作代替【逃跑】，視為結果在 10 以上，無須擲骰。\n作為代價，你須從以下擇一：\n獲得一個『處境』，由對方決定其內容。\n你逃離的對象獲得一條你的『心弦』。\n"
          }
        ]
      }
    }
  ]
}